filename,label,position
relevant_0001.pdf,1,Marketing_Intern
relevant_0002.pdf,1,IT_Intern
relevant_0003.pdf,1,Marketing_Intern
relevant_0004.pdf,1,Marketing_Intern
relevant_0005.pdf,1,IT_Intern
relevant_0006.pdf,1,Marketing_Intern
relevant_0007.pdf,1,Marketing_Intern
relevant_0008.pdf,1,IT_Intern
relevant_0009.pdf,1,Marketing_Intern
relevant_0010.pdf,1,IT_Intern
relevant_0011.pdf,1,Marketing_Intern
relevant_0012.pdf,1,Marketing_Intern
relevant_0013.pdf,1,Marketing_Intern
relevant_0014.pdf,1,IT_Intern
relevant_0015.pdf,1,Marketing_Intern
relevant_0016.pdf,1,Marketing_Intern
relevant_0017.pdf,1,IT_Intern
relevant_0018.pdf,1,IT_Intern
relevant_0019.pdf,1,IT_Intern
relevant_0020.pdf,1,Marketing_Intern
relevant_0021.pdf,1,IT_Intern
relevant_0022.pdf,1,Marketing_Intern
relevant_0023.pdf,1,Marketing_Intern
relevant_0024.pdf,1,IT_Intern
relevant_0025.pdf,1,Marketing_Intern
relevant_0026.pdf,1,Marketing_Intern
relevant_0027.pdf,1,IT_Intern
relevant_0028.pdf,1,IT_Intern
relevant_0029.pdf,1,Marketing_Intern
relevant_0030.pdf,1,Marketing_Intern
relevant_0031.pdf,1,Marketing_Intern
relevant_0032.pdf,1,IT_Intern
relevant_0033.pdf,1,IT_Intern
relevant_0034.pdf,1,IT_Intern
relevant_0035.pdf,1,Marketing_Intern
relevant_0036.pdf,1,IT_Intern
relevant_0037.pdf,1,IT_Intern
relevant_0038.pdf,1,IT_Intern
relevant_0039.pdf,1,IT_Intern
relevant_0040.pdf,1,Marketing_Intern
relevant_0041.pdf,1,IT_Intern
relevant_0042.pdf,1,Marketing_Intern
relevant_0043.pdf,1,IT_Intern
relevant_0044.pdf,1,IT_Intern
relevant_0045.pdf,1,IT_Intern
relevant_0046.pdf,1,Marketing_Intern
relevant_0047.pdf,1,IT_Intern
relevant_0048.pdf,1,Marketing_Intern
relevant_0049.pdf,1,Marketing_Intern
relevant_0050.pdf,1,Marketing_Intern
relevant_0051.pdf,1,Marketing_Intern
relevant_0052.pdf,1,IT_Intern
relevant_0053.pdf,1,IT_Intern
relevant_0054.pdf,1,IT_Intern
relevant_0055.pdf,1,Marketing_Intern
relevant_0056.pdf,1,Marketing_Intern
relevant_0057.pdf,1,Marketing_Intern
relevant_0058.pdf,1,IT_Intern
relevant_0059.pdf,1,IT_Intern
relevant_0060.pdf,1,Marketing_Intern
relevant_0061.pdf,1,IT_Intern
relevant_0062.pdf,1,IT_Intern
relevant_0063.pdf,1,IT_Intern
relevant_0064.pdf,1,Marketing_Intern
relevant_0065.pdf,1,IT_Intern
relevant_0066.pdf,1,IT_Intern
relevant_0067.pdf,1,IT_Intern
relevant_0068.pdf,1,IT_Intern
relevant_0069.pdf,1,IT_Intern
relevant_0070.pdf,1,Marketing_Intern
relevant_0071.pdf,1,Marketing_Intern
relevant_0072.pdf,1,Marketing_Intern
relevant_0073.pdf,1,Marketing_Intern
relevant_0074.pdf,1,IT_Intern
relevant_0075.pdf,1,Marketing_Intern
relevant_0076.pdf,1,IT_Intern
relevant_0077.pdf,1,IT_Intern
relevant_0078.pdf,1,IT_Intern
relevant_0079.pdf,1,Marketing_Intern
relevant_0080.pdf,1,IT_Intern
relevant_0081.pdf,1,Marketing_Intern
relevant_0082.pdf,1,IT_Intern
relevant_0083.pdf,1,IT_Intern
relevant_0084.pdf,1,Marketing_Intern
relevant_0085.pdf,1,IT_Intern
relevant_0086.pdf,1,Marketing_Intern
relevant_0087.pdf,1,IT_Intern
relevant_0088.pdf,1,IT_Intern
relevant_0089.pdf,1,Marketing_Intern
relevant_0090.pdf,1,Marketing_Intern
relevant_0091.pdf,1,Marketing_Intern
relevant_0092.pdf,1,IT_Intern
relevant_0093.pdf,1,IT_Intern
relevant_0094.pdf,1,IT_Intern
relevant_0095.pdf,1,IT_Intern
relevant_0096.pdf,1,Marketing_Intern
relevant_0097.pdf,1,Marketing_Intern
relevant_0098.pdf,1,IT_Intern
relevant_0099.pdf,1,Marketing_Intern
relevant_0100.pdf,1,Marketing_Intern
relevant_0101.pdf,1,Marketing_Intern
relevant_0102.pdf,1,IT_Intern
relevant_0103.pdf,1,IT_Intern
relevant_0104.pdf,1,IT_Intern
relevant_0105.pdf,1,Marketing_Intern
relevant_0106.pdf,1,IT_Intern
relevant_0107.pdf,1,Marketing_Intern
relevant_0108.pdf,1,IT_Intern
relevant_0109.pdf,1,IT_Intern
relevant_0110.pdf,1,IT_Intern
relevant_0111.pdf,1,IT_Intern
relevant_0112.pdf,1,IT_Intern
relevant_0113.pdf,1,Marketing_Intern
relevant_0114.pdf,1,Marketing_Intern
relevant_0115.pdf,1,IT_Intern
relevant_0116.pdf,1,IT_Intern
relevant_0117.pdf,1,Marketing_Intern
relevant_0118.pdf,1,Marketing_Intern
relevant_0119.pdf,1,IT_Intern
relevant_0120.pdf,1,IT_Intern
relevant_0121.pdf,1,IT_Intern
relevant_0122.pdf,1,IT_Intern
relevant_0123.pdf,1,IT_Intern
relevant_0124.pdf,1,Marketing_Intern
relevant_0125.pdf,1,IT_Intern
relevant_0126.pdf,1,Marketing_Intern
relevant_0127.pdf,1,Marketing_Intern
relevant_0128.pdf,1,IT_Intern
relevant_0129.pdf,1,IT_Intern
relevant_0130.pdf,1,Marketing_Intern
relevant_0131.pdf,1,Marketing_Intern
relevant_0132.pdf,1,Marketing_Intern
relevant_0133.pdf,1,Marketing_Intern
relevant_0134.pdf,1,IT_Intern
relevant_0135.pdf,1,IT_Intern
relevant_0136.pdf,1,Marketing_Intern
relevant_0137.pdf,1,IT_Intern
relevant_0138.pdf,1,Marketing_Intern
relevant_0139.pdf,1,Marketing_Intern
relevant_0140.pdf,1,IT_Intern
relevant_0141.pdf,1,Marketing_Intern
relevant_0142.pdf,1,IT_Intern
relevant_0143.pdf,1,Marketing_Intern
relevant_0144.pdf,1,Marketing_Intern
relevant_0145.pdf,1,Marketing_Intern
relevant_0146.pdf,1,IT_Intern
relevant_0147.pdf,1,IT_Intern
relevant_0148.pdf,1,Marketing_Intern
relevant_0149.pdf,1,IT_Intern
relevant_0150.pdf,1,IT_Intern
relevant_0151.pdf,1,Marketing_Intern
relevant_0152.pdf,1,Marketing_Intern
relevant_0153.pdf,1,IT_Intern
relevant_0154.pdf,1,IT_Intern
relevant_0155.pdf,1,Marketing_Intern
relevant_0156.pdf,1,IT_Intern
relevant_0157.pdf,1,Marketing_Intern
relevant_0158.pdf,1,Marketing_Intern
relevant_0159.pdf,1,IT_Intern
relevant_0160.pdf,1,IT_Intern
relevant_0161.pdf,1,IT_Intern
relevant_0162.pdf,1,Marketing_Intern
relevant_0163.pdf,1,Marketing_Intern
relevant_0164.pdf,1,IT_Intern
relevant_0165.pdf,1,IT_Intern
relevant_0166.pdf,1,Marketing_Intern
relevant_0167.pdf,1,Marketing_Intern
relevant_0168.pdf,1,IT_Intern
relevant_0169.pdf,1,IT_Intern
relevant_0170.pdf,1,Marketing_Intern
relevant_0171.pdf,1,Marketing_Intern
relevant_0172.pdf,1,Marketing_Intern
relevant_0173.pdf,1,Marketing_Intern
relevant_0174.pdf,1,IT_Intern
relevant_0175.pdf,1,Marketing_Intern
relevant_0176.pdf,1,IT_Intern
relevant_0177.pdf,1,Marketing_Intern
relevant_0178.pdf,1,Marketing_Intern
relevant_0179.pdf,1,Marketing_Intern
relevant_0180.pdf,1,Marketing_Intern
relevant_0181.pdf,1,IT_Intern
relevant_0182.pdf,1,Marketing_Intern
relevant_0183.pdf,1,Marketing_Intern
relevant_0184.pdf,1,Marketing_Intern
relevant_0185.pdf,1,Marketing_Intern
relevant_0186.pdf,1,IT_Intern
relevant_0187.pdf,1,Marketing_Intern
relevant_0188.pdf,1,Marketing_Intern
relevant_0189.pdf,1,IT_Intern
relevant_0190.pdf,1,IT_Intern
relevant_0191.pdf,1,IT_Intern
relevant_0192.pdf,1,IT_Intern
relevant_0193.pdf,1,Marketing_Intern
relevant_0194.pdf,1,Marketing_Intern
relevant_0195.pdf,1,IT_Intern
relevant_0196.pdf,1,IT_Intern
relevant_0197.pdf,1,IT_Intern
relevant_0198.pdf,1,IT_Intern
relevant_0199.pdf,1,IT_Intern
relevant_0200.pdf,1,IT_Intern
relevant_0201.pdf,1,IT_Intern
relevant_0202.pdf,1,IT_Intern
relevant_0203.pdf,1,IT_Intern
relevant_0204.pdf,1,IT_Intern
relevant_0205.pdf,1,IT_Intern
relevant_0206.pdf,1,IT_Intern
relevant_0207.pdf,1,Marketing_Intern
relevant_0208.pdf,1,Marketing_Intern
relevant_0209.pdf,1,Marketing_Intern
relevant_0210.pdf,1,IT_Intern
relevant_0211.pdf,1,Marketing_Intern
relevant_0212.pdf,1,Marketing_Intern
relevant_0213.pdf,1,IT_Intern
relevant_0214.pdf,1,IT_Intern
relevant_0215.pdf,1,Marketing_Intern
relevant_0216.pdf,1,Marketing_Intern
relevant_0217.pdf,1,Marketing_Intern
relevant_0218.pdf,1,Marketing_Intern
relevant_0219.pdf,1,IT_Intern
relevant_0220.pdf,1,IT_Intern
relevant_0221.pdf,1,Marketing_Intern
relevant_0222.pdf,1,IT_Intern
relevant_0223.pdf,1,IT_Intern
relevant_0224.pdf,1,IT_Intern
relevant_0225.pdf,1,IT_Intern
relevant_0226.pdf,1,IT_Intern
relevant_0227.pdf,1,IT_Intern
relevant_0228.pdf,1,Marketing_Intern
relevant_0229.pdf,1,IT_Intern
relevant_0230.pdf,1,Marketing_Intern
relevant_0231.pdf,1,IT_Intern
relevant_0232.pdf,1,Marketing_Intern
relevant_0233.pdf,1,Marketing_Intern
relevant_0234.pdf,1,Marketing_Intern
relevant_0235.pdf,1,IT_Intern
relevant_0236.pdf,1,Marketing_Intern
relevant_0237.pdf,1,IT_Intern
relevant_0238.pdf,1,Marketing_Intern
relevant_0239.pdf,1,Marketing_Intern
relevant_0240.pdf,1,IT_Intern
relevant_0241.pdf,1,IT_Intern
relevant_0242.pdf,1,IT_Intern
relevant_0243.pdf,1,Marketing_Intern
relevant_0244.pdf,1,IT_Intern
relevant_0245.pdf,1,IT_Intern
relevant_0246.pdf,1,Marketing_Intern
relevant_0247.pdf,1,IT_Intern
relevant_0248.pdf,1,IT_Intern
relevant_0249.pdf,1,Marketing_Intern
relevant_0250.pdf,1,Marketing_Intern
relevant_0251.pdf,1,Marketing_Intern
relevant_0252.pdf,1,IT_Intern
relevant_0253.pdf,1,IT_Intern
relevant_0254.pdf,1,Marketing_Intern
relevant_0255.pdf,1,Marketing_Intern
relevant_0256.pdf,1,IT_Intern
relevant_0257.pdf,1,IT_Intern
relevant_0258.pdf,1,IT_Intern
relevant_0259.pdf,1,Marketing_Intern
relevant_0260.pdf,1,Marketing_Intern
relevant_0261.pdf,1,Marketing_Intern
relevant_0262.pdf,1,Marketing_Intern
relevant_0263.pdf,1,Marketing_Intern
relevant_0264.pdf,1,Marketing_Intern
relevant_0265.pdf,1,Marketing_Intern
relevant_0266.pdf,1,Marketing_Intern
relevant_0267.pdf,1,IT_Intern
relevant_0268.pdf,1,Marketing_Intern
relevant_0269.pdf,1,IT_Intern
relevant_0270.pdf,1,Marketing_Intern
relevant_0271.pdf,1,IT_Intern
relevant_0272.pdf,1,Marketing_Intern
relevant_0273.pdf,1,Marketing_Intern
relevant_0274.pdf,1,Marketing_Intern
relevant_0275.pdf,1,IT_Intern
relevant_0276.pdf,1,Marketing_Intern
relevant_0277.pdf,1,IT_Intern
relevant_0278.pdf,1,Marketing_Intern
relevant_0279.pdf,1,IT_Intern
relevant_0280.pdf,1,IT_Intern
relevant_0281.pdf,1,IT_Intern
relevant_0282.pdf,1,Marketing_Intern
relevant_0283.pdf,1,Marketing_Intern
relevant_0284.pdf,1,IT_Intern
relevant_0285.pdf,1,Marketing_Intern
relevant_0286.pdf,1,Marketing_Intern
relevant_0287.pdf,1,Marketing_Intern
relevant_0288.pdf,1,Marketing_Intern
relevant_0289.pdf,1,Marketing_Intern
relevant_0290.pdf,1,Marketing_Intern
relevant_0291.pdf,1,Marketing_Intern
relevant_0292.pdf,1,IT_Intern
relevant_0293.pdf,1,Marketing_Intern
relevant_0294.pdf,1,IT_Intern
relevant_0295.pdf,1,Marketing_Intern
relevant_0296.pdf,1,Marketing_Intern
relevant_0297.pdf,1,IT_Intern
relevant_0298.pdf,1,IT_Intern
relevant_0299.pdf,1,Marketing_Intern
relevant_0300.pdf,1,IT_Intern
relevant_0301.pdf,1,IT_Intern
relevant_0302.pdf,1,Marketing_Intern
relevant_0303.pdf,1,IT_Intern
relevant_0304.pdf,1,Marketing_Intern
relevant_0305.pdf,1,IT_Intern
relevant_0306.pdf,1,Marketing_Intern
relevant_0307.pdf,1,Marketing_Intern
relevant_0308.pdf,1,Marketing_Intern
relevant_0309.pdf,1,IT_Intern
relevant_0310.pdf,1,IT_Intern
relevant_0311.pdf,1,Marketing_Intern
relevant_0312.pdf,1,Marketing_Intern
relevant_0313.pdf,1,Marketing_Intern
relevant_0314.pdf,1,Marketing_Intern
relevant_0315.pdf,1,IT_Intern
relevant_0316.pdf,1,IT_Intern
relevant_0317.pdf,1,Marketing_Intern
relevant_0318.pdf,1,IT_Intern
relevant_0319.pdf,1,IT_Intern
relevant_0320.pdf,1,IT_Intern
relevant_0321.pdf,1,IT_Intern
relevant_0322.pdf,1,IT_Intern
relevant_0323.pdf,1,IT_Intern
relevant_0324.pdf,1,IT_Intern
relevant_0325.pdf,1,IT_Intern
relevant_0326.pdf,1,Marketing_Intern
relevant_0327.pdf,1,Marketing_Intern
relevant_0328.pdf,1,IT_Intern
relevant_0329.pdf,1,IT_Intern
relevant_0330.pdf,1,Marketing_Intern
relevant_0331.pdf,1,IT_Intern
relevant_0332.pdf,1,Marketing_Intern
relevant_0333.pdf,1,IT_Intern
relevant_0334.pdf,1,Marketing_Intern
relevant_0335.pdf,1,IT_Intern
relevant_0336.pdf,1,Marketing_Intern
relevant_0337.pdf,1,Marketing_Intern
relevant_0338.pdf,1,IT_Intern
relevant_0339.pdf,1,Marketing_Intern
relevant_0340.pdf,1,Marketing_Intern
relevant_0341.pdf,1,Marketing_Intern
relevant_0342.pdf,1,Marketing_Intern
relevant_0343.pdf,1,IT_Intern
relevant_0344.pdf,1,IT_Intern
relevant_0345.pdf,1,Marketing_Intern
relevant_0346.pdf,1,Marketing_Intern
relevant_0347.pdf,1,Marketing_Intern
relevant_0348.pdf,1,Marketing_Intern
relevant_0349.pdf,1,IT_Intern
relevant_0350.pdf,1,Marketing_Intern
relevant_0351.pdf,1,Marketing_Intern
relevant_0352.pdf,1,IT_Intern
relevant_0353.pdf,1,Marketing_Intern
relevant_0354.pdf,1,IT_Intern
relevant_0355.pdf,1,Marketing_Intern
relevant_0356.pdf,1,Marketing_Intern
relevant_0357.pdf,1,IT_Intern
relevant_0358.pdf,1,IT_Intern
relevant_0359.pdf,1,IT_Intern
relevant_0360.pdf,1,Marketing_Intern
relevant_0361.pdf,1,Marketing_Intern
relevant_0362.pdf,1,IT_Intern
relevant_0363.pdf,1,IT_Intern
relevant_0364.pdf,1,IT_Intern
relevant_0365.pdf,1,IT_Intern
relevant_0366.pdf,1,Marketing_Intern
relevant_0367.pdf,1,Marketing_Intern
relevant_0368.pdf,1,IT_Intern
relevant_0369.pdf,1,Marketing_Intern
relevant_0370.pdf,1,Marketing_Intern
relevant_0371.pdf,1,Marketing_Intern
relevant_0372.pdf,1,IT_Intern
relevant_0373.pdf,1,IT_Intern
relevant_0374.pdf,1,IT_Intern
relevant_0375.pdf,1,IT_Intern
relevant_0376.pdf,1,IT_Intern
relevant_0377.pdf,1,IT_Intern
relevant_0378.pdf,1,Marketing_Intern
relevant_0379.pdf,1,Marketing_Intern
relevant_0380.pdf,1,Marketing_Intern
relevant_0381.pdf,1,Marketing_Intern
relevant_0382.pdf,1,IT_Intern
relevant_0383.pdf,1,Marketing_Intern
relevant_0384.pdf,1,IT_Intern
relevant_0385.pdf,1,IT_Intern
relevant_0386.pdf,1,Marketing_Intern
relevant_0387.pdf,1,Marketing_Intern
relevant_0388.pdf,1,Marketing_Intern
relevant_0389.pdf,1,IT_Intern
relevant_0390.pdf,1,Marketing_Intern
relevant_0391.pdf,1,IT_Intern
relevant_0392.pdf,1,Marketing_Intern
relevant_0393.pdf,1,Marketing_Intern
relevant_0394.pdf,1,IT_Intern
relevant_0395.pdf,1,Marketing_Intern
relevant_0396.pdf,1,Marketing_Intern
relevant_0397.pdf,1,IT_Intern
relevant_0398.pdf,1,Marketing_Intern
relevant_0399.pdf,1,IT_Intern
relevant_0400.pdf,1,IT_Intern
relevant_0401.pdf,1,Marketing_Intern
relevant_0402.pdf,1,Marketing_Intern
relevant_0403.pdf,1,IT_Intern
relevant_0404.pdf,1,IT_Intern
relevant_0405.pdf,1,Marketing_Intern
relevant_0406.pdf,1,Marketing_Intern
relevant_0407.pdf,1,Marketing_Intern
relevant_0408.pdf,1,Marketing_Intern
relevant_0409.pdf,1,Marketing_Intern
relevant_0410.pdf,1,IT_Intern
relevant_0411.pdf,1,Marketing_Intern
relevant_0412.pdf,1,Marketing_Intern
relevant_0413.pdf,1,Marketing_Intern
relevant_0414.pdf,1,IT_Intern
relevant_0415.pdf,1,Marketing_Intern
relevant_0416.pdf,1,Marketing_Intern
relevant_0417.pdf,1,IT_Intern
relevant_0418.pdf,1,IT_Intern
relevant_0419.pdf,1,IT_Intern
relevant_0420.pdf,1,IT_Intern
relevant_0421.pdf,1,IT_Intern
relevant_0422.pdf,1,IT_Intern
relevant_0423.pdf,1,Marketing_Intern
relevant_0424.pdf,1,IT_Intern
relevant_0425.pdf,1,Marketing_Intern
relevant_0426.pdf,1,IT_Intern
relevant_0427.pdf,1,IT_Intern
relevant_0428.pdf,1,Marketing_Intern
relevant_0429.pdf,1,IT_Intern
relevant_0430.pdf,1,Marketing_Intern
relevant_0431.pdf,1,IT_Intern
relevant_0432.pdf,1,Marketing_Intern
relevant_0433.pdf,1,IT_Intern
relevant_0434.pdf,1,IT_Intern
relevant_0435.pdf,1,IT_Intern
relevant_0436.pdf,1,IT_Intern
relevant_0437.pdf,1,IT_Intern
relevant_0438.pdf,1,IT_Intern
relevant_0439.pdf,1,Marketing_Intern
relevant_0440.pdf,1,IT_Intern
relevant_0441.pdf,1,Marketing_Intern
relevant_0442.pdf,1,Marketing_Intern
relevant_0443.pdf,1,Marketing_Intern
relevant_0444.pdf,1,Marketing_Intern
relevant_0445.pdf,1,Marketing_Intern
relevant_0446.pdf,1,IT_Intern
relevant_0447.pdf,1,Marketing_Intern
relevant_0448.pdf,1,Marketing_Intern
relevant_0449.pdf,1,Marketing_Intern
relevant_0450.pdf,1,Marketing_Intern
relevant_0451.pdf,1,IT_Intern
relevant_0452.pdf,1,Marketing_Intern
relevant_0453.pdf,1,Marketing_Intern
relevant_0454.pdf,1,Marketing_Intern
relevant_0455.pdf,1,IT_Intern
relevant_0456.pdf,1,IT_Intern
relevant_0457.pdf,1,Marketing_Intern
relevant_0458.pdf,1,Marketing_Intern
relevant_0459.pdf,1,Marketing_Intern
relevant_0460.pdf,1,IT_Intern
relevant_0461.pdf,1,Marketing_Intern
relevant_0462.pdf,1,IT_Intern
relevant_0463.pdf,1,IT_Intern
relevant_0464.pdf,1,IT_Intern
relevant_0465.pdf,1,IT_Intern
relevant_0466.pdf,1,IT_Intern
relevant_0467.pdf,1,IT_Intern
relevant_0468.pdf,1,IT_Intern
relevant_0469.pdf,1,Marketing_Intern
relevant_0470.pdf,1,Marketing_Intern
relevant_0471.pdf,1,Marketing_Intern
relevant_0472.pdf,1,Marketing_Intern
relevant_0473.pdf,1,IT_Intern
relevant_0474.pdf,1,IT_Intern
relevant_0475.pdf,1,Marketing_Intern
relevant_0476.pdf,1,Marketing_Intern
relevant_0477.pdf,1,IT_Intern
relevant_0478.pdf,1,Marketing_Intern
relevant_0479.pdf,1,Marketing_Intern
relevant_0480.pdf,1,IT_Intern
relevant_0481.pdf,1,Marketing_Intern
relevant_0482.pdf,1,Marketing_Intern
relevant_0483.pdf,1,IT_Intern
relevant_0484.pdf,1,IT_Intern
relevant_0485.pdf,1,Marketing_Intern
relevant_0486.pdf,1,IT_Intern
relevant_0487.pdf,1,IT_Intern
relevant_0488.pdf,1,IT_Intern
relevant_0489.pdf,1,Marketing_Intern
relevant_0490.pdf,1,IT_Intern
relevant_0491.pdf,1,Marketing_Intern
relevant_0492.pdf,1,IT_Intern
relevant_0493.pdf,1,IT_Intern
relevant_0494.pdf,1,Marketing_Intern
relevant_0495.pdf,1,IT_Intern
relevant_0496.pdf,1,Marketing_Intern
relevant_0497.pdf,1,IT_Intern
relevant_0498.pdf,1,IT_Intern
relevant_0499.pdf,1,IT_Intern
relevant_0500.pdf,1,Marketing_Intern
irrelevant_0001.pdf,0,None
irrelevant_0002.pdf,0,None
irrelevant_0003.pdf,0,None
irrelevant_0004.pdf,0,None
irrelevant_0005.pdf,0,None
irrelevant_0006.pdf,0,None
irrelevant_0007.pdf,0,None
irrelevant_0008.pdf,0,None
irrelevant_0009.pdf,0,None
irrelevant_0010.pdf,0,None
irrelevant_0011.pdf,0,None
irrelevant_0012.pdf,0,None
irrelevant_0013.pdf,0,None
irrelevant_0014.pdf,0,None
irrelevant_0015.pdf,0,None
irrelevant_0016.pdf,0,None
irrelevant_0017.pdf,0,None
irrelevant_0018.pdf,0,None
irrelevant_0019.pdf,0,None
irrelevant_0020.pdf,0,None
irrelevant_0021.pdf,0,None
irrelevant_0022.pdf,0,None
irrelevant_0023.pdf,0,None
irrelevant_0024.pdf,0,None
irrelevant_0025.pdf,0,None
irrelevant_0026.pdf,0,None
irrelevant_0027.pdf,0,None
irrelevant_0028.pdf,0,None
irrelevant_0029.pdf,0,None
irrelevant_0030.pdf,0,None
irrelevant_0031.pdf,0,None
irrelevant_0032.pdf,0,None
irrelevant_0033.pdf,0,None
irrelevant_0034.pdf,0,None
irrelevant_0035.pdf,0,None
irrelevant_0036.pdf,0,None
irrelevant_0037.pdf,0,None
irrelevant_0038.pdf,0,None
irrelevant_0039.pdf,0,None
irrelevant_0040.pdf,0,None
irrelevant_0041.pdf,0,None
irrelevant_0042.pdf,0,None
irrelevant_0043.pdf,0,None
irrelevant_0044.pdf,0,None
irrelevant_0045.pdf,0,None
irrelevant_0046.pdf,0,None
irrelevant_0047.pdf,0,None
irrelevant_0048.pdf,0,None
irrelevant_0049.pdf,0,None
irrelevant_0050.pdf,0,None
irrelevant_0051.pdf,0,None
irrelevant_0052.pdf,0,None
irrelevant_0053.pdf,0,None
irrelevant_0054.pdf,0,None
irrelevant_0055.pdf,0,None
irrelevant_0056.pdf,0,None
irrelevant_0057.pdf,0,None
irrelevant_0058.pdf,0,None
irrelevant_0059.pdf,0,None
irrelevant_0060.pdf,0,None
irrelevant_0061.pdf,0,None
irrelevant_0062.pdf,0,None
irrelevant_0063.pdf,0,None
irrelevant_0064.pdf,0,None
irrelevant_0065.pdf,0,None
irrelevant_0066.pdf,0,None
irrelevant_0067.pdf,0,None
irrelevant_0068.pdf,0,None
irrelevant_0069.pdf,0,None
irrelevant_0070.pdf,0,None
irrelevant_0071.pdf,0,None
irrelevant_0072.pdf,0,None
irrelevant_0073.pdf,0,None
irrelevant_0074.pdf,0,None
irrelevant_0075.pdf,0,None
irrelevant_0076.pdf,0,None
irrelevant_0077.pdf,0,None
irrelevant_0078.pdf,0,None
irrelevant_0079.pdf,0,None
irrelevant_0080.pdf,0,None
irrelevant_0081.pdf,0,None
irrelevant_0082.pdf,0,None
irrelevant_0083.pdf,0,None
irrelevant_0084.pdf,0,None
irrelevant_0085.pdf,0,None
irrelevant_0086.pdf,0,None
irrelevant_0087.pdf,0,None
irrelevant_0088.pdf,0,None
irrelevant_0089.pdf,0,None
irrelevant_0090.pdf,0,None
irrelevant_0091.pdf,0,None
irrelevant_0092.pdf,0,None
irrelevant_0093.pdf,0,None
irrelevant_0094.pdf,0,None
irrelevant_0095.pdf,0,None
irrelevant_0096.pdf,0,None
irrelevant_0097.pdf,0,None
irrelevant_0098.pdf,0,None
irrelevant_0099.pdf,0,None
irrelevant_0100.pdf,0,None
irrelevant_0101.pdf,0,None
irrelevant_0102.pdf,0,None
irrelevant_0103.pdf,0,None
irrelevant_0104.pdf,0,None
irrelevant_0105.pdf,0,None
irrelevant_0106.pdf,0,None
irrelevant_0107.pdf,0,None
irrelevant_0108.pdf,0,None
irrelevant_0109.pdf,0,None
irrelevant_0110.pdf,0,None
irrelevant_0111.pdf,0,None
irrelevant_0112.pdf,0,None
irrelevant_0113.pdf,0,None
irrelevant_0114.pdf,0,None
irrelevant_0115.pdf,0,None
irrelevant_0116.pdf,0,None
irrelevant_0117.pdf,0,None
irrelevant_0118.pdf,0,None
irrelevant_0119.pdf,0,None
irrelevant_0120.pdf,0,None
irrelevant_0121.pdf,0,None
irrelevant_0122.pdf,0,None
irrelevant_0123.pdf,0,None
irrelevant_0124.pdf,0,None
irrelevant_0125.pdf,0,None
irrelevant_0126.pdf,0,None
irrelevant_0127.pdf,0,None
irrelevant_0128.pdf,0,None
irrelevant_0129.pdf,0,None
irrelevant_0130.pdf,0,None
irrelevant_0131.pdf,0,None
irrelevant_0132.pdf,0,None
irrelevant_0133.pdf,0,None
irrelevant_0134.pdf,0,None
irrelevant_0135.pdf,0,None
irrelevant_0136.pdf,0,None
irrelevant_0137.pdf,0,None
irrelevant_0138.pdf,0,None
irrelevant_0139.pdf,0,None
irrelevant_0140.pdf,0,None
irrelevant_0141.pdf,0,None
irrelevant_0142.pdf,0,None
irrelevant_0143.pdf,0,None
irrelevant_0144.pdf,0,None
irrelevant_0145.pdf,0,None
irrelevant_0146.pdf,0,None
irrelevant_0147.pdf,0,None
irrelevant_0148.pdf,0,None
irrelevant_0149.pdf,0,None
irrelevant_0150.pdf,0,None
irrelevant_0151.pdf,0,None
irrelevant_0152.pdf,0,None
irrelevant_0153.pdf,0,None
irrelevant_0154.pdf,0,None
irrelevant_0155.pdf,0,None
irrelevant_0156.pdf,0,None
irrelevant_0157.pdf,0,None
irrelevant_0158.pdf,0,None
irrelevant_0159.pdf,0,None
irrelevant_0160.pdf,0,None
irrelevant_0161.pdf,0,None
irrelevant_0162.pdf,0,None
irrelevant_0163.pdf,0,None
irrelevant_0164.pdf,0,None
irrelevant_0165.pdf,0,None
irrelevant_0166.pdf,0,None
irrelevant_0167.pdf,0,None
irrelevant_0168.pdf,0,None
irrelevant_0169.pdf,0,None
irrelevant_0170.pdf,0,None
irrelevant_0171.pdf,0,None
irrelevant_0172.pdf,0,None
irrelevant_0173.pdf,0,None
irrelevant_0174.pdf,0,None
irrelevant_0175.pdf,0,None
irrelevant_0176.pdf,0,None
irrelevant_0177.pdf,0,None
irrelevant_0178.pdf,0,None
irrelevant_0179.pdf,0,None
irrelevant_0180.pdf,0,None
irrelevant_0181.pdf,0,None
irrelevant_0182.pdf,0,None
irrelevant_0183.pdf,0,None
irrelevant_0184.pdf,0,None
irrelevant_0185.pdf,0,None
irrelevant_0186.pdf,0,None
irrelevant_0187.pdf,0,None
irrelevant_0188.pdf,0,None
irrelevant_0189.pdf,0,None
irrelevant_0190.pdf,0,None
irrelevant_0191.pdf,0,None
irrelevant_0192.pdf,0,None
irrelevant_0193.pdf,0,None
irrelevant_0194.pdf,0,None
irrelevant_0195.pdf,0,None
irrelevant_0196.pdf,0,None
irrelevant_0197.pdf,0,None
irrelevant_0198.pdf,0,None
irrelevant_0199.pdf,0,None
irrelevant_0200.pdf,0,None
irrelevant_0201.pdf,0,None
irrelevant_0202.pdf,0,None
irrelevant_0203.pdf,0,None
irrelevant_0204.pdf,0,None
irrelevant_0205.pdf,0,None
irrelevant_0206.pdf,0,None
irrelevant_0207.pdf,0,None
irrelevant_0208.pdf,0,None
irrelevant_0209.pdf,0,None
irrelevant_0210.pdf,0,None
irrelevant_0211.pdf,0,None
irrelevant_0212.pdf,0,None
irrelevant_0213.pdf,0,None
irrelevant_0214.pdf,0,None
irrelevant_0215.pdf,0,None
irrelevant_0216.pdf,0,None
irrelevant_0217.pdf,0,None
irrelevant_0218.pdf,0,None
irrelevant_0219.pdf,0,None
irrelevant_0220.pdf,0,None
irrelevant_0221.pdf,0,None
irrelevant_0222.pdf,0,None
irrelevant_0223.pdf,0,None
irrelevant_0224.pdf,0,None
irrelevant_0225.pdf,0,None
irrelevant_0226.pdf,0,None
irrelevant_0227.pdf,0,None
irrelevant_0228.pdf,0,None
irrelevant_0229.pdf,0,None
irrelevant_0230.pdf,0,None
irrelevant_0231.pdf,0,None
irrelevant_0232.pdf,0,None
irrelevant_0233.pdf,0,None
irrelevant_0234.pdf,0,None
irrelevant_0235.pdf,0,None
irrelevant_0236.pdf,0,None
irrelevant_0237.pdf,0,None
irrelevant_0238.pdf,0,None
irrelevant_0239.pdf,0,None
irrelevant_0240.pdf,0,None
irrelevant_0241.pdf,0,None
irrelevant_0242.pdf,0,None
irrelevant_0243.pdf,0,None
irrelevant_0244.pdf,0,None
irrelevant_0245.pdf,0,None
irrelevant_0246.pdf,0,None
irrelevant_0247.pdf,0,None
irrelevant_0248.pdf,0,None
irrelevant_0249.pdf,0,None
irrelevant_0250.pdf,0,None
irrelevant_0251.pdf,0,None
irrelevant_0252.pdf,0,None
irrelevant_0253.pdf,0,None
irrelevant_0254.pdf,0,None
irrelevant_0255.pdf,0,None
irrelevant_0256.pdf,0,None
irrelevant_0257.pdf,0,None
irrelevant_0258.pdf,0,None
irrelevant_0259.pdf,0,None
irrelevant_0260.pdf,0,None
irrelevant_0261.pdf,0,None
irrelevant_0262.pdf,0,None
irrelevant_0263.pdf,0,None
irrelevant_0264.pdf,0,None
irrelevant_0265.pdf,0,None
irrelevant_0266.pdf,0,None
irrelevant_0267.pdf,0,None
irrelevant_0268.pdf,0,None
irrelevant_0269.pdf,0,None
irrelevant_0270.pdf,0,None
irrelevant_0271.pdf,0,None
irrelevant_0272.pdf,0,None
irrelevant_0273.pdf,0,None
irrelevant_0274.pdf,0,None
irrelevant_0275.pdf,0,None
irrelevant_0276.pdf,0,None
irrelevant_0277.pdf,0,None
irrelevant_0278.pdf,0,None
irrelevant_0279.pdf,0,None
irrelevant_0280.pdf,0,None
irrelevant_0281.pdf,0,None
irrelevant_0282.pdf,0,None
irrelevant_0283.pdf,0,None
irrelevant_0284.pdf,0,None
irrelevant_0285.pdf,0,None
irrelevant_0286.pdf,0,None
irrelevant_0287.pdf,0,None
irrelevant_0288.pdf,0,None
irrelevant_0289.pdf,0,None
irrelevant_0290.pdf,0,None
irrelevant_0291.pdf,0,None
irrelevant_0292.pdf,0,None
irrelevant_0293.pdf,0,None
irrelevant_0294.pdf,0,None
irrelevant_0295.pdf,0,None
irrelevant_0296.pdf,0,None
irrelevant_0297.pdf,0,None
irrelevant_0298.pdf,0,None
irrelevant_0299.pdf,0,None
irrelevant_0300.pdf,0,None
irrelevant_0301.pdf,0,None
irrelevant_0302.pdf,0,None
irrelevant_0303.pdf,0,None
irrelevant_0304.pdf,0,None
irrelevant_0305.pdf,0,None
irrelevant_0306.pdf,0,None
irrelevant_0307.pdf,0,None
irrelevant_0308.pdf,0,None
irrelevant_0309.pdf,0,None
irrelevant_0310.pdf,0,None
irrelevant_0311.pdf,0,None
irrelevant_0312.pdf,0,None
irrelevant_0313.pdf,0,None
irrelevant_0314.pdf,0,None
irrelevant_0315.pdf,0,None
irrelevant_0316.pdf,0,None
irrelevant_0317.pdf,0,None
irrelevant_0318.pdf,0,None
irrelevant_0319.pdf,0,None
irrelevant_0320.pdf,0,None
irrelevant_0321.pdf,0,None
irrelevant_0322.pdf,0,None
irrelevant_0323.pdf,0,None
irrelevant_0324.pdf,0,None
irrelevant_0325.pdf,0,None
irrelevant_0326.pdf,0,None
irrelevant_0327.pdf,0,None
irrelevant_0328.pdf,0,None
irrelevant_0329.pdf,0,None
irrelevant_0330.pdf,0,None
irrelevant_0331.pdf,0,None
irrelevant_0332.pdf,0,None
irrelevant_0333.pdf,0,None
irrelevant_0334.pdf,0,None
irrelevant_0335.pdf,0,None
irrelevant_0336.pdf,0,None
irrelevant_0337.pdf,0,None
irrelevant_0338.pdf,0,None
irrelevant_0339.pdf,0,None
irrelevant_0340.pdf,0,None
irrelevant_0341.pdf,0,None
irrelevant_0342.pdf,0,None
irrelevant_0343.pdf,0,None
irrelevant_0344.pdf,0,None
irrelevant_0345.pdf,0,None
irrelevant_0346.pdf,0,None
irrelevant_0347.pdf,0,None
irrelevant_0348.pdf,0,None
irrelevant_0349.pdf,0,None
irrelevant_0350.pdf,0,None
irrelevant_0351.pdf,0,None
irrelevant_0352.pdf,0,None
irrelevant_0353.pdf,0,None
irrelevant_0354.pdf,0,None
irrelevant_0355.pdf,0,None
irrelevant_0356.pdf,0,None
irrelevant_0357.pdf,0,None
irrelevant_0358.pdf,0,None
irrelevant_0359.pdf,0,None
irrelevant_0360.pdf,0,None
irrelevant_0361.pdf,0,None
irrelevant_0362.pdf,0,None
irrelevant_0363.pdf,0,None
irrelevant_0364.pdf,0,None
irrelevant_0365.pdf,0,None
irrelevant_0366.pdf,0,None
irrelevant_0367.pdf,0,None
irrelevant_0368.pdf,0,None
irrelevant_0369.pdf,0,None
irrelevant_0370.pdf,0,None
irrelevant_0371.pdf,0,None
irrelevant_0372.pdf,0,None
irrelevant_0373.pdf,0,None
irrelevant_0374.pdf,0,None
irrelevant_0375.pdf,0,None
irrelevant_0376.pdf,0,None
irrelevant_0377.pdf,0,None
irrelevant_0378.pdf,0,None
irrelevant_0379.pdf,0,None
irrelevant_0380.pdf,0,None
irrelevant_0381.pdf,0,None
irrelevant_0382.pdf,0,None
irrelevant_0383.pdf,0,None
irrelevant_0384.pdf,0,None
irrelevant_0385.pdf,0,None
irrelevant_0386.pdf,0,None
irrelevant_0387.pdf,0,None
irrelevant_0388.pdf,0,None
irrelevant_0389.pdf,0,None
irrelevant_0390.pdf,0,None
irrelevant_0391.pdf,0,None
irrelevant_0392.pdf,0,None
irrelevant_0393.pdf,0,None
irrelevant_0394.pdf,0,None
irrelevant_0395.pdf,0,None
irrelevant_0396.pdf,0,None
irrelevant_0397.pdf,0,None
irrelevant_0398.pdf,0,None
irrelevant_0399.pdf,0,None
irrelevant_0400.pdf,0,None
irrelevant_0401.pdf,0,None
irrelevant_0402.pdf,0,None
irrelevant_0403.pdf,0,None
irrelevant_0404.pdf,0,None
irrelevant_0405.pdf,0,None
irrelevant_0406.pdf,0,None
irrelevant_0407.pdf,0,None
irrelevant_0408.pdf,0,None
irrelevant_0409.pdf,0,None
irrelevant_0410.pdf,0,None
irrelevant_0411.pdf,0,None
irrelevant_0412.pdf,0,None
irrelevant_0413.pdf,0,None
irrelevant_0414.pdf,0,None
irrelevant_0415.pdf,0,None
irrelevant_0416.pdf,0,None
irrelevant_0417.pdf,0,None
irrelevant_0418.pdf,0,None
irrelevant_0419.pdf,0,None
irrelevant_0420.pdf,0,None
irrelevant_0421.pdf,0,None
irrelevant_0422.pdf,0,None
irrelevant_0423.pdf,0,None
irrelevant_0424.pdf,0,None
irrelevant_0425.pdf,0,None
irrelevant_0426.pdf,0,None
irrelevant_0427.pdf,0,None
irrelevant_0428.pdf,0,None
irrelevant_0429.pdf,0,None
irrelevant_0430.pdf,0,None
irrelevant_0431.pdf,0,None
irrelevant_0432.pdf,0,None
irrelevant_0433.pdf,0,None
irrelevant_0434.pdf,0,None
irrelevant_0435.pdf,0,None
irrelevant_0436.pdf,0,None
irrelevant_0437.pdf,0,None
irrelevant_0438.pdf,0,None
irrelevant_0439.pdf,0,None
irrelevant_0440.pdf,0,None
irrelevant_0441.pdf,0,None
irrelevant_0442.pdf,0,None
irrelevant_0443.pdf,0,None
irrelevant_0444.pdf,0,None
irrelevant_0445.pdf,0,None
irrelevant_0446.pdf,0,None
irrelevant_0447.pdf,0,None
irrelevant_0448.pdf,0,None
irrelevant_0449.pdf,0,None
irrelevant_0450.pdf,0,None
irrelevant_0451.pdf,0,None
irrelevant_0452.pdf,0,None
irrelevant_0453.pdf,0,None
irrelevant_0454.pdf,0,None
irrelevant_0455.pdf,0,None
irrelevant_0456.pdf,0,None
irrelevant_0457.pdf,0,None
irrelevant_0458.pdf,0,None
irrelevant_0459.pdf,0,None
irrelevant_0460.pdf,0,None
irrelevant_0461.pdf,0,None
irrelevant_0462.pdf,0,None
irrelevant_0463.pdf,0,None
irrelevant_0464.pdf,0,None
irrelevant_0465.pdf,0,None
irrelevant_0466.pdf,0,None
irrelevant_0467.pdf,0,None
irrelevant_0468.pdf,0,None
irrelevant_0469.pdf,0,None
irrelevant_0470.pdf,0,None
irrelevant_0471.pdf,0,None
irrelevant_0472.pdf,0,None
irrelevant_0473.pdf,0,None
irrelevant_0474.pdf,0,None
irrelevant_0475.pdf,0,None
irrelevant_0476.pdf,0,None
irrelevant_0477.pdf,0,None
irrelevant_0478.pdf,0,None
irrelevant_0479.pdf,0,None
irrelevant_0480.pdf,0,None
irrelevant_0481.pdf,0,None
irrelevant_0482.pdf,0,None
irrelevant_0483.pdf,0,None
irrelevant_0484.pdf,0,None
irrelevant_0485.pdf,0,None
irrelevant_0486.pdf,0,None
irrelevant_0487.pdf,0,None
irrelevant_0488.pdf,0,None
irrelevant_0489.pdf,0,None
irrelevant_0490.pdf,0,None
irrelevant_0491.pdf,0,None
irrelevant_0492.pdf,0,None
irrelevant_0493.pdf,0,None
irrelevant_0494.pdf,0,None
irrelevant_0495.pdf,0,None
irrelevant_0496.pdf,0,None
irrelevant_0497.pdf,0,None
irrelevant_0498.pdf,0,None
irrelevant_0499.pdf,0,None
irrelevant_0500.pdf,0,None
